{
    "Z@Hpa100": {
        "mean": 16613.216796875,
        "std": 76.30329895019531
    },
    "Z@Hpa200": {
        "mean": 12430.7958984375,
        "std": 71.1411361694336
    },
    "Z@Hpa300": {
        "mean": 9674.9267578125,
        "std": 58.969993591308594
    },
    "Z@Hpa350": {
        "mean": 8563.5205078125,
        "std": 42.927757263183594
    },
    "Z@Hpa400": {
        "mean": 7565.0068359375,
        "std": 47.01216506958008
    },
    "Z@Hpa500": {
        "mean": 5847.68994140625,
        "std": 36.23165512084961
    },
    "Z@Hpa600": {
        "mean": 4395.548828125,
        "std": 28.187278747558594
    },
    "Z@Hpa650": {
        "mean": 3745.54296875,
        "std": 20.769084930419922
    },
    "Z@Hpa700": {
        "mean": 3134.85009765625,
        "std": 22.016284942626953
    },
    "Z@Hpa750": {
        "mean": 2561.425537109375,
        "std": 20.225961685180664
    },
    "Z@Hpa800": {
        "mean": 2020.141845703125,
        "std": 20.590572357177734
    },
    "Z@Hpa850": {
        "mean": 1507.005615234375,
        "std": 23.642576217651367
    },
    "Z@Hpa900": {
        "mean": 1019.0530395507812,
        "std": 28.817813873291016
    },
    "Z@Hpa925": {
        "mean": 783.7268676757812,
        "std": 31.91697120666504
    },
    "Z@Hpa950": {
        "mean": 553.636474609375,
        "std": 35.1252326965332
    },
    "Z@Hpa975": {
        "mean": 328.3342590332031,
        "std": 38.264347076416016
    },
    "Z@Hpa1000": {
        "mean": 107.35808563232422,
        "std": 41.40150833129883
    },
    "T@Hpa100": {
        "mean": 195.51853942871094,
        "std": 2.1392650604248047
    },
    "T@Hpa200": {
        "mean": 221.38584899902344,
        "std": 1.276127815246582
    },
    "T@Hpa300": {
        "mean": 243.09718322753906,
        "std": 1.8079289197921753
    },
    "T@Hpa350": {
        "mean": 251.14254760742188,
        "std": 1.6193503141403198
    },
    "T@Hpa400": {
        "mean": 257.5599060058594,
        "std": 2.1565053462982178
    },
    "T@Hpa500": {
        "mean": 267.594970703125,
        "std": 2.321537971496582
    },
    "T@Hpa600": {
        "mean": 275.4173889160156,
        "std": 2.4385743141174316
    },
    "T@Hpa650": {
        "mean": 278.99237060546875,
        "std": 2.1997034549713135
    },
    "T@Hpa700": {
        "mean": 281.8172607421875,
        "std": 2.9895482063293457
    },
    "T@Hpa750": {
        "mean": 284.4549255371094,
        "std": 3.3532824516296387
    },
    "T@Hpa800": {
        "mean": 286.76849365234375,
        "std": 3.744978427886963
    },
    "T@Hpa850": {
        "mean": 288.8600769042969,
        "std": 4.091921329498291
    },
    "T@Hpa900": {
        "mean": 290.9053955078125,
        "std": 4.3338398933410645
    },
    "T@Hpa925": {
        "mean": 291.9910888671875,
        "std": 4.369365692138672
    },
    "T@Hpa950": {
        "mean": 293.2561950683594,
        "std": 4.3683905601501465
    },
    "T@Hpa975": {
        "mean": 294.8161926269531,
        "std": 4.416191101074219
    },
    "T@Hpa1000": {
        "mean": 296.6287841796875,
        "std": 4.487705707550049
    },
    "T@Meter2": {
        "mean": 297.12408447265625,
        "std": 4.4018025398254395
    },
    "U@Hpa100": {
        "mean": 6.296433448791504,
        "std": 15.532233238220215
    },
    "U@Hpa200": {
        "mean": 16.100332260131836,
        "std": 18.350248336791992
    },
    "U@Hpa300": {
        "mean": 14.893513679504395,
        "std": 16.231033325195312
    },
    "U@Hpa350": {
        "mean": 13.231141090393066,
        "std": 12.727757453918457
    },
    "U@Hpa400": {
        "mean": 12.307847023010254,
        "std": 12.902578353881836
    },
    "U@Hpa500": {
        "mean": 9.624139785766602,
        "std": 9.83052921295166
    },
    "U@Hpa600": {
        "mean": 7.041275501251221,
        "std": 7.305656909942627
    },
    "U@Hpa650": {
        "mean": 5.660217761993408,
        "std": 5.336555480957031
    },
    "U@Hpa700": {
        "mean": 4.249066352844238,
        "std": 5.432457447052002
    },
    "U@Hpa750": {
        "mean": 2.716615676879883,
        "std": 4.801214218139648
    },
    "U@Hpa800": {
        "mean": 1.0021897554397583,
        "std": 4.427492618560791
    },
    "U@Hpa850": {
        "mean": -0.7165786623954773,
        "std": 4.340476989746094
    },
    "U@Hpa900": {
        "mean": -2.178163528442383,
        "std": 4.640263080596924
    },
    "U@Hpa925": {
        "mean": -2.6848504543304443,
        "std": 4.7392497062683105
    },
    "U@Hpa950": {
        "mean": -2.965982437133789,
        "std": 4.585721015930176
    },
    "U@Hpa975": {
        "mean": -3.007094383239746,
        "std": 4.315689563751221
    },
    "U@Hpa1000": {
        "mean": -2.9145030975341797,
        "std": 4.006982803344727
    },
    "U@Meter10": {
        "mean": -2.4753825664520264,
        "std": 3.4557247161865234
    },
    "V@Hpa100": {
        "mean": -1.8139170408248901,
        "std": 5.281608581542969
    },
    "V@Hpa200": {
        "mean": -0.017589477822184563,
        "std": 7.270357131958008
    },
    "V@Hpa300": {
        "mean": 0.8877663612365723,
        "std": 5.337860584259033
    },
    "V@Hpa350": {
        "mean": 1.150709867477417,
        "std": 3.9027926921844482
    },
    "V@Hpa400": {
        "mean": 1.505664348602295,
        "std": 4.2761311531066895
    },
    "V@Hpa500": {
        "mean": 1.5130623579025269,
        "std": 3.4992525577545166
    },
    "V@Hpa600": {
        "mean": 1.387201189994812,
        "std": 3.2546708583831787
    },
    "V@Hpa650": {
        "mean": 1.313491940498352,
        "std": 2.6363632678985596
    },
    "V@Hpa700": {
        "mean": 1.2169691324234009,
        "std": 3.2268881797790527
    },
    "V@Hpa750": {
        "mean": 1.0915664434432983,
        "std": 3.323519706726074
    },
    "V@Hpa800": {
        "mean": 0.8470120429992676,
        "std": 3.5003767013549805
    },
    "V@Hpa850": {
        "mean": 0.40029871463775635,
        "std": 3.770477771759033
    },
    "V@Hpa900": {
        "mean": -0.3152367174625397,
        "std": 4.483852863311768
    },
    "V@Hpa925": {
        "mean": -0.791222095489502,
        "std": 4.9954986572265625
    },
    "V@Hpa950": {
        "mean": -1.353336215019226,
        "std": 5.363321781158447
    },
    "V@Hpa975": {
        "mean": -1.75714910030365,
        "std": 5.4224677085876465
    },
    "V@Hpa1000": {
        "mean": -1.916447639465332,
        "std": 5.202334880828857
    },
    "V@Meter10": {
        "mean": -1.692353367805481,
        "std": 4.56329345703125
    },
    "W@Hpa100": {
        "mean": 0.0019525026436895132,
        "std": 0.06747977435588837
    },
    "W@Hpa200": {
        "mean": -0.0036694423761218786,
        "std": 0.10172601789236069
    },
    "W@Hpa300": {
        "mean": -0.004398450721055269,
        "std": 0.0912928655743599
    },
    "W@Hpa350": {
        "mean": -0.003943812567740679,
        "std": 0.06437235325574875
    },
    "W@Hpa400": {
        "mean": -0.0017978291725739837,
        "std": 0.07548096030950546
    },
    "W@Hpa500": {
        "mean": -0.002424668287858367,
        "std": 0.06330801546573639
    },
    "W@Hpa600": {
        "mean": -0.003454584628343582,
        "std": 0.056113000959157944
    },
    "W@Hpa650": {
        "mean": -0.0037883827462792397,
        "std": 0.040678970515728
    },
    "W@Hpa700": {
        "mean": -0.0030541399028152227,
        "std": 0.04908756539225578
    },
    "W@Hpa750": {
        "mean": -0.0035109941381961107,
        "std": 0.04684098809957504
    },
    "W@Hpa800": {
        "mean": -0.0040670051239430904,
        "std": 0.04561157152056694
    },
    "W@Hpa850": {
        "mean": -0.004620057996362448,
        "std": 0.04629445821046829
    },
    "W@Hpa900": {
        "mean": -0.004958387929946184,
        "std": 0.049089789390563965
    },