{
    "GeoHeight@Hpa200": {
        "mean": 12505.2807025529,
        "std": 31.23690801193252
    },
    "GeoHeight@Hpa300": {
        "mean": 9732.684060083873,
        "std": 23.59395278782757
    },
    "GeoHeight@Hpa500": {
        "mean": 5881.078627356256,
        "std": 21.227364772148206
    },
    "GeoHeight@Hpa700": {
        "mean": 3147.417053029739,
        "std": 22.679428052389323
    },
    "GeoHeight@Hpa850": {
        "mean": 1499.3848574888973,
        "std": 24.940354463433184
    },
    "GeoHeight@Hpa925": {
        "mean": 767.0191895649674,
        "std": 28.92858339148864
    },
    "T@Hpa200": {
        "mean": 222.47866570404634,
        "std": 1.1873095673931153
    },
    "T@Hpa300": {
        "mean": 244.69536708875444,
        "std": 1.3255060441101292
    },
    "T@Hpa500": {
        "mean": 269.15684662006595,
        "std": 0.9910247889826362
    },
    "T@Hpa700": {
        "mean": 284.26493983305636,
        "std": 1.2131348201022787
    },
    "T@Hpa850": {
        "mean": 292.08385257839444,
        "std": 2.465933917252086
    },
    "T@Hpa925": {
        "mean": 295.3969013762513,
        "std": 2.8345488795075937
    },
    "U@Hpa200": {
        "mean": -1.4728492556729618,
        "std": 10.455350215208668
    },
    "U@Hpa300": {
        "mean": 0.5694262664279642,
        "std": 8.352128746790838
    },
    "U@Hpa500": {
        "mean": 1.7419202405172896,
        "std": 6.741210946180685
    },
    "U@Hpa700": {
        "mean": 1.3884807588227728,
        "std": 5.97533398398843
    },
    "U@Hpa850": {
        "mean": -0.026072261389558333,
        "std": 6.141238748292276
    },
    "U@Hpa925": {
        "mean": -0.8825579715061802,
        "std": 6.335889760655964
    },
    "V@Hpa200": {
        "mean": -5.301883747876605,
        "std": 7.104234188182886
    },
    "V@Hpa300": {
        "mean": -1.873841695051257,
        "std": 5.12916839232868
    },
    "V@Hpa500": {
        "mean": 0.6418335554148797,
        "std": 4.328289945964971
    },
    "V@Hpa700": {
        "mean": 1.6541866714064417,
        "std": 4.679441343010596
    },
    "V@Hpa850": {
        "mean": 1.6800889374926513,
        "std": 5.321468450675873
    },
    "V@Hpa925": {
        "mean": 1.3371695255277345,
        "std": 6.41552949382295
    },
    "Radar@NoRule": {
        "mean": -10.575457274643433,
        "std": 13.557454849945524
    }
}